Title,Author,Score,Upvote Ratio,Comments,Date,Edited,URL
"I'm 100% self taught, landed my first job! My experience!",JLaurus,2030,0.99,315,2019-08-21 11:34:15,2019-08-22 05:26:34,https://www.reddit.com/r/learnpython/comments/ctkypf/im_100_self_taught_landed_my_first_job_my/
"After 5 years of learning Python as a hobby, yesterday I did my first contribution to an open source project!",marcovirtual,1774,0.99,57,2020-06-22 21:24:29,2020-06-22 21:28:51,https://www.reddit.com/r/learnpython/comments/he7vpy/after_5_years_of_learning_python_as_a_hobby/
Beginner's Python Cheat Sheets (updated),ehmatthes,1555,0.99,128,2019-10-18 10:16:43,False,https://www.reddit.com/r/learnpython/comments/djqm6v/beginners_python_cheat_sheets_updated/
I programmed someone out of a job and now I feel bad,Socrato,1490,0.96,468,2020-08-19 08:29:06,2020-08-19 16:38:10,https://www.reddit.com/r/learnpython/comments/icpt8d/i_programmed_someone_out_of_a_job_and_now_i_feel/
Holy heck I'm addicted.,LittleGhettoGospel,1417,0.97,177,2020-05-05 08:29:29,2020-05-06 06:48:39,https://www.reddit.com/r/learnpython/comments/gdzu6e/holy_heck_im_addicted/
I'm super annoyed and taking it out on learnpython,SpergLordMcFappyPant,1368,0.97,252,2019-06-08 19:17:26,2019-06-09 01:32:57,https://www.reddit.com/r/learnpython/comments/byfigg/im_super_annoyed_and_taking_it_out_on_learnpython/
I finally did it!,jrust91,1255,0.98,136,2020-03-04 23:13:55,2020-03-05 13:43:26,https://www.reddit.com/r/learnpython/comments/fdrmsk/i_finally_did_it/
Learning Python? Keep at it! It could change your life,pw0803,1215,0.98,209,2020-02-15 04:17:26,False,https://www.reddit.com/r/learnpython/comments/f48ojm/learning_python_keep_at_it_it_could_change_your/
Would anyone be interested in watching me create a Django app from scratch on a live stream?,pranav15197,1187,0.97,125,2020-05-27 01:12:18,2020-05-27 05:46:47,https://www.reddit.com/r/learnpython/comments/grfm5v/would_anyone_be_interested_in_watching_me_create/
I automated my girlfriend's meal selection after 2 days of Automate the Boring Stuff with Python.,ojhall123,1156,0.96,97,2020-07-15 01:45:11,False,https://www.reddit.com/r/learnpython/comments/hrk1es/i_automated_my_girlfriends_meal_selection_after_2/
Data Analysis Resources for Python,badge,1113,0.99,87,2020-05-15 01:06:32,2020-05-15 07:31:29,https://www.reddit.com/r/learnpython/comments/gk517f/data_analysis_resources_for_python/
Why study programming when you can just play an RPG?,TorroesPrime,1095,0.97,181,2019-02-28 20:02:14,False,https://www.reddit.com/r/learnpython/comments/aw0au0/why_study_programming_when_you_can_just_play_an/
Automate the Boring Stuff FREE on Udemy,TechsInTheCity,1015,0.98,96,2019-11-04 12:10:47,False,https://www.reddit.com/r/learnpython/comments/drnc0z/automate_the_boring_stuff_free_on_udemy/
Handy Python Functions For All,impshum,998,0.99,80,2020-05-07 10:15:16,False,https://www.reddit.com/r/learnpython/comments/gfaq9s/handy_python_functions_for_all/
"I love Visual Studio Code so much, especially for learning Python",bbt133t,991,0.98,172,2020-06-06 13:23:11,2020-06-19 13:08:32,https://www.reddit.com/r/learnpython/comments/gxycd2/i_love_visual_studio_code_so_much_especially_for/
Holy fuck I get it now my dudes.,juanthrustman,967,0.96,120,2020-05-18 16:04:34,2020-05-20 04:42:04,https://www.reddit.com/r/learnpython/comments/gmcgvc/holy_fuck_i_get_it_now_my_dudes/
I got an invitation from Google's Secret Hiring Challenge!,LaaNeet,959,0.96,147,2020-09-26 13:20:53,False,https://www.reddit.com/r/learnpython/comments/j0d2xj/i_got_an_invitation_from_googles_secret_hiring/
From struggling with for loops to a government database administration job-- in one year,NovateI,952,0.97,59,2020-01-25 13:22:02,2020-01-25 13:57:18,https://www.reddit.com/r/learnpython/comments/etwubn/from_struggling_with_for_loops_to_a_government/
Finally did something I am proud of - Helping others with Python!,LittleEaster,940,0.99,79,2020-04-29 08:26:19,False,https://www.reddit.com/r/learnpython/comments/gabj9m/finally_did_something_i_am_proud_of_helping/
7 Beginner Python Project Ideas,CuriousExpert24,902,0.99,102,2020-07-19 21:35:20,False,https://www.reddit.com/r/learnpython/comments/huezhd/7_beginner_python_project_ideas/
I actually used Python to do a thing!,ManyAWiseMarklar,911,0.97,84,2020-09-20 06:22:24,False,https://www.reddit.com/r/learnpython/comments/iwdr8s/i_actually_used_python_to_do_a_thing/
Nothing is more liberating than learning python well enough to be able to answer questions on Stack Overflow,GeneticalTM,866,0.98,47,2019-08-26 01:17:01,False,https://www.reddit.com/r/learnpython/comments/cvl5jy/nothing_is_more_liberating_than_learning_python/
META: Pandas shouldn't be recommended to a beginner who wants to read a CSV.,eyesoftheworld4,860,0.95,130,2020-03-24 08:05:41,False,https://www.reddit.com/r/learnpython/comments/fo6lbo/meta_pandas_shouldnt_be_recommended_to_a_beginner/
I wrote my first useful Python program!,8rnlsunshine,854,0.99,130,2020-05-04 00:25:49,2020-05-04 23:19:31,https://www.reddit.com/r/learnpython/comments/gd70np/i_wrote_my_first_useful_python_program/
"Al Sweigart, author of the legendary 'Automate The Boring Stuff' book (and many others) now streams beginner-friendly live coding on twitch!",callmelucky,847,0.99,55,2019-02-07 05:59:17,False,https://www.reddit.com/r/learnpython/comments/ao3zq2/al_sweigart_author_of_the_legendary_automate_the/
I made a script that automatically adds all songs from youtube playlist to spotify playlist.,AltNyx,845,0.99,41,2020-07-19 04:04:16,False,https://www.reddit.com/r/learnpython/comments/htyr40/i_made_a_script_that_automatically_adds_all_songs/
Automated tasks at work... Boss found out,beauxbeaux,845,0.97,253,2019-11-18 06:11:02,2019-11-18 07:15:10,https://www.reddit.com/r/learnpython/comments/dy3nsz/automated_tasks_at_work_boss_found_out/
You're going to fail if...,subsonic68,839,0.94,168,2020-09-24 06:23:46,2020-09-24 12:10:07,https://www.reddit.com/r/learnpython/comments/iyx6kp/youre_going_to_fail_if/
5 interesting Python modules,CuriousExpert24,833,0.98,99,2020-07-21 08:49:39,2020-07-21 08:55:03,https://www.reddit.com/r/learnpython/comments/hv9r5u/5_interesting_python_modules/
My Python regex ebook with hundreds of examples and exercises is currently free,ASIC_SP,819,0.99,43,2020-07-07 07:34:57,False,https://www.reddit.com/r/learnpython/comments/hmvnt1/my_python_regex_ebook_with_hundreds_of_examples/
For begginers who are searching for what to do after finishing a course,whole_extraordinary,817,0.99,71,2019-10-28 09:22:38,2019-11-03 01:47:18,https://www.reddit.com/r/learnpython/comments/dob4kd/for_begginers_who_are_searching_for_what_to_do/
[Rave] Finally able to prove the value of Python,Fywq,798,0.99,143,2020-01-15 06:23:40,2020-01-15 12:55:45,https://www.reddit.com/r/learnpython/comments/ep2xb8/rave_finally_able_to_prove_the_value_of_python/
Begginers do not use Google search often enough,KW__REDDIT,791,0.95,168,2020-09-05 06:53:18,False,https://www.reddit.com/r/learnpython/comments/in1gv6/begginers_do_not_use_google_search_often_enough/
I made a bot that accuses random celebrities of being in 6ix9ine's 'Nine Trey Bloods' gang.,pattyperk,787,0.96,63,2019-09-27 06:28:17,False,https://www.reddit.com/r/learnpython/comments/da0eqv/i_made_a_bot_that_accuses_random_celebrities_of/
I just wanted to say a massive thank you to the community.,PapercutPoodle,772,0.98,53,2020-06-30 10:34:57,False,https://www.reddit.com/r/learnpython/comments/hirzuh/i_just_wanted_to_say_a_massive_thank_you_to_the/
Learning Python Protip: when doing exercises change the example code to make it funny or interesting to you. This will help you retain more and utilize more creative thinking to keep you engaged.,tucktuckgoose123,774,0.97,41,2020-08-02 10:40:22,2020-08-02 14:03:08,https://www.reddit.com/r/learnpython/comments/i2g41g/learning_python_protip_when_doing_exercises/
Just spent 2 hours to automate joining csv files saving hundreds of hours a year,swiftrob,760,0.97,106,2018-11-25 04:32:51,False,https://www.reddit.com/r/learnpython/comments/a085dx/just_spent_2_hours_to_automate_joining_csv_files/
Learning other languages will make your Python better.,CatolicQuotes,761,0.98,140,2020-09-24 22:50:57,False,https://www.reddit.com/r/learnpython/comments/ize2jn/learning_other_languages_will_make_your_python/
Feeling too fucking dumb for Python and programming in general,MrNesian,759,0.92,225,2020-07-31 00:30:46,False,https://www.reddit.com/r/learnpython/comments/i13byl/feeling_too_fucking_dumb_for_python_and/
How would you guys feel about a daily / weekly whatever challenge that would offer a problem to be solved. We can then share GitHubs solving said problem in hopes of learning new approaches and prospectives?,Biaswords_,750,0.98,88,2020-04-13 17:34:04,False,https://www.reddit.com/r/learnpython/comments/g0vamb/how_would_you_guys_feel_about_a_daily_weekly/
Automate the Boring Stuff is so much better than video tutorials,Aeur__,751,0.98,78,2019-11-03 12:53:35,False,https://www.reddit.com/r/learnpython/comments/dr6jzi/automate_the_boring_stuff_is_so_much_better_than/
My first python script that works.,Ke5han,742,0.99,106,2020-06-16 18:12:03,False,https://www.reddit.com/r/learnpython/comments/hah264/my_first_python_script_that_works/
"I automated part of my job and I now have to present it to my Vice Chief CTO, any tips?",CharlyWingate,728,0.99,144,2020-05-13 04:15:44,False,https://www.reddit.com/r/learnpython/comments/gix1qt/i_automated_part_of_my_job_and_i_now_have_to/
My first Python program - Fifty years in the making!,tuffdadsf,726,0.99,89,2020-09-13 07:03:34,2020-09-22 10:28:37,https://www.reddit.com/r/learnpython/comments/irytd1/my_first_python_program_fifty_years_in_the_making/
My dad thinks that a road in his hometown in Tasmania is the longest constantly curved road in the world. I want to prove him either right or wrong.,RadiatorSam,720,0.99,111,2020-08-06 07:00:52,False,https://www.reddit.com/r/learnpython/comments/i4sbct/my_dad_thinks_that_a_road_in_his_hometown_in/
I wrote a program that allows you play Hangman with a random comment from Pornhub,JollyRogers1503,716,0.97,84,2020-01-08 18:21:06,2020-01-09 21:50:35,https://www.reddit.com/r/learnpython/comments/em32nj/i_wrote_a_program_that_allows_you_play_hangman/
My first 100 hour of learning programming(28 days),ConstantINeSane,715,0.99,105,2019-12-10 10:39:58,2019-12-11 10:49:04,https://www.reddit.com/r/learnpython/comments/e8uo6c/my_first_100_hour_of_learning_programming28_days/
To beginners (or anyone honestly) here are some helpful keyboard shortcuts (and keys themselves) that could greatly improve your efficiency or just make life easier,NFLAddict,702,0.98,116,2020-05-16 10:12:07,2020-05-17 11:02:52,https://www.reddit.com/r/learnpython/comments/gky9cs/to_beginners_or_anyone_honestly_here_are_some/
Anyone else learning Python to fill the time at a boring desk job?,mystikaldanger,693,0.97,162,2019-09-15 03:06:26,False,https://www.reddit.com/r/learnpython/comments/d4imc2/anyone_else_learning_python_to_fill_the_time_at_a/
